Workbook

Sheet Sheet2
B1: 原价 | C1: 售价 | D1: 差评率 | E1: 星级店铺 | F1: 有无售后服务 | H1: 店铺地理位置 | I1: 有无质检 | J1: 销量 | K1: url
A2: =VLOOKUP(K2,Sheet4!B:C,2,FALSE) -> 思域 | C2: 10.18万 | E2: 1 | F2: 无 | H2: 宁夏银川市贺兰县德胜工业园区汽车大世界德鑫路9号淘车二手车 | I2: 有 | J2: 9.3 | K2: http://www.che168.com/dealer/522686/50975959.html
A3: =VLOOKUP(K3,Sheet4!B:C,2,FALSE) -> 思域 | C3: 7.68万 | E3: 0 | F3: 无 | H3: 东莞市寮步镇富荣路联合二手车交易市场V18号 | I3: 有 | J3: 9.3 | K3: http://www.che168.com/dealer/360661/50234187.html
A4: =VLOOKUP(K4,Sheet4!B:C,2,FALSE) -> 思域 | C4: 4.98万 | E4: 2 | F4: 无 | H4: 广州市番禺区钟村街谢村工业区七街4号 | I4: 有 | J4: 9.3 | K4: http://www.che168.com/dealer/366664/51663344.html
A5: =VLOOKUP(K5,Sheet4!B:C,2,FALSE) -> 思域 | C5: 8.16万 | E5: 1 | F5: 有 | H5: 沈阳市铁西区北二中路6号 星摩尔购物中心G105 | I5: 有 | J5: 9.3 | K5: http://www.che168.com/dealer/349857/51456651.html
A6: =VLOOKUP(K6,Sheet4!B:C,2,FALSE) -> 思域 | C6: 5.64万 | E6: 2 | F6: 无 | H6: 湖南省长沙市长沙县湘龙街道中南汽车世界J11栋 | I6: 有 | J6: 9.3 | K6: http://www.che168.com/dealer/355413/51620390.html
A7: =VLOOKUP(K7,Sheet4!B:C,2,FALSE) -> 思域 | C7: 3.99万 | E7: 0 | F7: 无 | H7: 上海市嘉定区恒翔路255号 | I7: 有 | J7: 9.3 | K7: http://www.che168.com/dealer/302732/51427339.html
A8: =VLOOKUP(K8,Sheet4!B:C,2,FALSE) -> 思域 | C8: 11.28万 | E8: 3 | F8: 有 | H8: 福建省泉州市晋江市陈埭镇花厅口村阳光东路1168号 | I8: 有 | J8: 9.3 | K8: http://www.che168.com/dealer/347357/51728885.html
A9: =VLOOKUP(K9,Sheet4!B:C,2,FALSE) -> 思域 | C9: 6.38万 | E9: 0 | F9: 无 | H9: 心圩街道新村村委会 广西壮族自治区南宁市西乡塘区新村中坡88号 | I9: 有 | J9: 9.3 | K9: http://www.che168.com/dealer/517025/51698768.html
A10: =VLOOKUP(K10,Sheet4!B:C,2,FALSE) -> 思域 | C10: 9.00万 | E10: 1 | F10: 有 | H10: 看车地址以车辆所在地为准 | I10: 有 | J10: 9.3 | K10: http://www.che168.com/dealer/606334/51742318.html
A11: =VLOOKUP(K11,Sheet4!B:C,2,FALSE) -> 思域 | C11: 13.88万 | E11: 0 | F11: 无 | H11: 南京市雨花区卡子门大街68号 | I11: 有 | J11: 9.3 | K11: http://www.che168.com/dealer/343793/50907119.html
A12: =VLOOKUP(K12,Sheet4!B:C,2,FALSE) -> 思域 | C12: 9.88万 | E12: 0 | F12: 有 | H12: 郑州市惠济区天河路英才街格力广场迈卡名车茂C号馆2楼326天跃名车 | I12: 有 | J12: 9.3 | K12: http://www.che168.com/dealer/406545/51645855.html
A13: =VLOOKUP(K13,Sheet4!B:C,2,FALSE) -> 思域 | C13: 7.28万 | E13: 2 | F13: 无 | H13: 合肥市吴山镇―杨庙路与车左路交叉口东南角 | I13: 有 | J13: 9.3 | K13: http://www.che168.com/dealer/478339/51729013.html
... A18: =VLOOKUP(K18,Sheet4!B:C,2,FALSE) -> 思域 | C18: 2.39万 | E18: 2 | F18: 无 | H18: 陕西省西安市长安区东长安街1200号 | I18: 有 | J18: 9.3 | K18: http://www.che168.com/dealer/466721/51686899.html
A19: =VLOOKUP(K19,Sheet4!B:C,2,FALSE) -> 思域 | C19: 7.98万 | E19: 此店铺点不开 | F19: 无 | H19: 无具体地址 | I19: 无 | J19: 无热度 | K19: http://www.che168.com/dealer/179069/51709312.html
A20: =VLOOKUP(K20,Sheet4!B:C,2,FALSE) -> 思域 | C20: 6.95万 | E20: 2 | F20: 有 | H20: 佛山市顺德区伦教街道常教社区伦新路28号新协力汽车贸易大厦4栋2001 | I20: 有 | J20: 9.3 | K20: http://www.che168.com/dealer/595827/51420543.html
A21: =VLOOKUP(K21,Sheet4!B:C,2,FALSE) -> 思域 | C21: 7.98万 | E21: 1 | F21: 无 | H21: 西安市沣东新城天台路39号 | I21: 有 | J21: 9.3 | K21: http://www.che168.com/dealer/413117/51521304.html
A22: =VLOOKUP(K22,Sheet4!B:C,2,FALSE) -> 思域 | C22: 8.88万 | E22: 1 | F22: 无 | H22: 无锡市凤翔路神州汽车城B区B3馆（顺风二手车旗舰店） | I22: 有 | J22: 9.3 | K22: http://www.che168.com/dealer/247261/51740748.html
A23: =VLOOKUP(K23,Sheet4!B:C,2,FALSE) -> 思域 | C23: 9.97万 | E23: 3 | F23: 有 | H23: 上海市浦东新区张江路1160号（近高科西路）张江奥迪售后三楼 | I23: 有 | J23: 9.3 | K23: http://www.che168.com/dealer/145101/51751723.html
A24: =VLOOKUP(K24,Sheet4!B:C,2,FALSE) -> 思域 | C24: 5.58万 | E24: 2 | F24: 有 | H24: 上海市浦东新区沪南路4777号上海车市中楼二层展厅 | I24: 有 | J24: 9.3 | K24: http://www.che168.com/dealer/100947/51180356.html
A25: =VLOOKUP(K25,Sheet4!B:C,2,FALSE) -> 思域 | C25: 7.77万 | E25: 3 | F25: 无 | H25: 重庆巴南区八公里二手车市场 | I25: 有 | J25: 9.3 | K25: http://www.che168.com/dealer/615775/51745904.html
A26: =VLOOKUP(K26,Sheet4!B:C,2,FALSE) -> 思域 | C26: 6.68万 | E26: 0 | F26: 有 | H26: 成都双流区锦和汽车商业中心 | I26: 有 | J26: 9.3 | K26: http://www.che168.com/dealer/615736/51745213.html
A27: =VLOOKUP(K27,Sheet4!B:C,2,FALSE) -> 思域 | C27: 6.98万 | E27: 0 | F27: 无 | H27: 浙江省台州市路桥区新安南街675-679号 | I27: 有 | J27: 9.3 | K27: http://www.che168.com/dealer/600608/51702840.html
A28: =VLOOKUP(K28,Sheet4!B:C,2,FALSE) -> 思域 | C28: 8.38万 | E28: 0 | F28: 无 | H28: 广州市花都区新雅街镜湖大道67号之一B158(众诚车行） | I28: 有 | J28: 9.3 | K28: http://www.che168.com/dealer/421770/51666667.html
C29: 售价 | E29: 星级店铺 | F29: 有无售后服务 | H29: 店铺地理位置 | I29: 有无质检 | J29: 销量 | K29: url
A30: =VLOOKUP(K30,Sheet4!B:C,2,FALSE) -> 奥德赛 | C30: 16.90万 | E30: 1 | F30: 有 | H30: 郑州市惠济区天河路英才街交叉口迈卡名车茂B馆1楼 | I30: 有 | J30: 9.23 | K30: http://www.che168.com/dealer/258082/51730994.html
A31: =VLOOKUP(K31,Sheet4!B:C,2,FALSE) -> 奥德赛 | C31: 9.58万 | E31: 0 | F31: 无 | H31: 城西镇椰海大道361号林安国际商贸城商业街5栋一层商铺 | I31: 有 | J31: 9.23 | K31: http://www.che168.com/dealer/490567/51708046.html
A32: =VLOOKUP(K32,Sheet4!B:C,2,FALSE) -> 奥德赛 | C32: 12.58万 | E32: 2 | F32: 无 | H32: 合肥市吴山镇―杨庙路与车左路交叉口东南角 | I32: 有 | J32: 9.23 | K32: http://www.che168.com/dealer/478339/51735682.html
A33: =VLOOKUP(K33,Sheet4!B:C,2,FALSE) -> 奥德赛 | C33: 22.80万 | E33: 3 | F33: 有 | H33: 福建省泉州市鲤城区洋仕街36号泉州惠丰名车 | I33: 有 | J33: 9.23 | K33: http://www.che168.com/dealer/286456/50412953.html
A34: =VLOOKUP(K34,Sheet4!B:C,2,FALSE) -> 奥德赛 | C34: 17.00万 | E34: 3 | F34: 无 | H34: 福建省泉州市鲤城区洋仕街36号泉州惠丰名车 | I34: 有 | J34: 9.23 | K34: http://www.che168.com/dealer/286456/51463574.html
A35: =VLOOKUP(K35,Sheet4!B:C,2,FALSE) -> 奥德赛 | C35: 23.80万 | E35: 0 | F35: 有 | H35: 哈尔滨道里区城乡路237号 | I35: 有 | J35: 9.23 | K35: http://www.che168.com/dealer/70514/50444958.html
A36: =VLOOKUP(K36,Sheet4!B:C,2,FALSE) -> 奥德赛 | C36: 21.80万 | E36: 2 | F36: 有 | H36: 佛山市南海区桂城街道海八路G11千里发名车汇 | I36: 有 | J36: 9.23 | K36: http://www.che168.com/dealer/371720/50752834.html
A37: =VLOOKUP(K37,Sheet4!B:C,2,FALSE) -> 奥德赛 | C37: 19.20万 | E37: 2 | F37: 无 | H37: 东莞市寮步镇富竹山富荣路联合二手车交易市场V26-V29，V38-V41顺祥二手车展场... | I37: 有 | J37: 9.23 | K37: http://www.che168.com/dealer/109698/51694436.html
A38: =VLOOKUP(K38,Sheet4!B:C,2,FALSE) -> 奥德赛 | C38: 16.50万 | E38: 3 | F38: 无 | H38: 福建省泉州市鲤城区洋仕街36号泉州惠丰名车 | I38: 有 | J38: 9.23 | K38: http://www.che168.com/dealer/286456/51740501.html
A39: =VLOOKUP(K39,Sheet4!B:C,2,FALSE) -> 奥德赛 | C39: 12.50万 | E39: 1 | F39: 无 | H39: 哈尔滨市南岗区黄河路208号（会展中心院内）联盟二手车 | I39: 有 | J39: 9.23 | K39: http://www.che168.com/dealer/438521/49310301.html
A40: =VLOOKUP(K40,Sheet4!B:C,2,FALSE) -> 奥德赛 | C40: 9.98万 | E40: 2 | F40: 无 | H40: 深圳市宝安区创业二路与大宝路交汇处（洪浪北地铁B出口150米） | I40: 有 | J40: 9.23 | K40: http://www.che168.com/dealer/424659/51711502.html
A41: =VLOOKUP(K41,Sheet4!B:C,2,FALSE) -> 奥德赛 | C41: 11.98万 | E41: 2 | F41: 无 | H41: 广州市番禺区钟村街谢村工业区七街4号 | I41: 有 | J41: 9.23 | K41: http://www.che168.com/dealer/366664/51598920.html
... A55: =VLOOKUP(K55,Sheet4!B:C,2,FALSE) -> 奥德赛 | C55: 14.68万 | E55: 0 | F55: 无 | H55: 浙江省杭州市拱墅区康丰路8号（浙江省二手车交易市场B113号） | I55: 有 | J55: 9.23 | K55: http://www.che168.com/dealer/453612/51486538.html
A56: =VLOOKUP(K56,Sheet4!B:C,2,FALSE) -> 奥德赛 | C56: 16.88万 | E56: 此店铺点不开 | F56: 无 | H56: 无具体地址 | I56: 无 | J56: 无热度 | K56: http://www.che168.com/dealer/360983/51664967.html
A57: =VLOOKUP(K57,Sheet4!B:C,2,FALSE) -> 奥德赛 | C57: 12.75万 | E57: 0 | F57: 无 | H57: 无锡城南二手车市场F区01号展厅迅辉名车 | I57: 有 | J57: 9.23 | K57: http://www.che168.com/dealer/317493/51710961.html
A58: =VLOOKUP(K58,Sheet4!B:C,2,FALSE) -> 奥德赛 | C58: 11.68万 | E58: 0 | F58: 无 | H58: 黑龙江省哈尔滨高新技术产业开发区智谷二街5333号办公楼一层 | I58: 有 | J58: 9.23 | K58: http://www.che168.com/dealer/515366/51675656.html
A59: =VLOOKUP(K59,Sheet4!B:C,2,FALSE) -> 奥德赛 | C59: 17.00万 | E59: 1 | F59: 无 | H59: 海口市龙华区南海大道168号保税区内汽车小镇1号楼 | I59: 有 | J59: 9.23 | K59: http://www.che168.com/dealer/524456/51043850.html
C60: 售价 | E60: 星级店铺 | F60: 有无售后服务 | H60: 店铺地理位置 | I60: 有无质检 | J60: 销量 | K60: url
A61: =VLOOKUP(K61,Sheet4!B:C,2,FALSE) -> 本田CR-V | C61: 6.58万 | E61: 2 | F61: 无 | H61: 陕西省西安市长安区东长安街1200号 | I61: 有 | J61: 9.23 | K61: http://www.che168.com/dealer/466721/51677826.html
A62: =VLOOKUP(K62,Sheet4!B:C,2,FALSE) -> 本田CR-V | C62: 9.58万 | E62: 2 | F62: 无 | H62: 陕西省西安市长安区东长安街1200号 | I62: 有 | J62: 9.23 | K62: http://www.che168.com/dealer/466721/51701350.html
A63: =VLOOKUP(K63,Sheet4!B:C,2,FALSE) -> 本田CR-V | C63: 9.50万 | E63: 0 | F63: 无 | H63: 宜宾市翠屏区上江北劲越二手车市场1号 | I63: 有 | J63: 9.23 | K63: http://www.che168.com/dealer/455710/50002412.html
A64: =VLOOKUP(K64,Sheet4!B:C,2,FALSE) -> 本田CR-V | C64: 11.08万 | E64: 2 | F64: 无 | H64: 陕西省西安市长安区东长安街1200号 | I64: 有 | J64: 9.23 | K64: http://www.che168.com/dealer/466721/51021916.html
A65: =VLOOKUP(K65,Sheet4!B:C,2,FALSE) -> 本田CR-V | C65: 7.68万 | E65: 2 | F65: 无 | H65: 陕西省西安市长安区东长安街1200号 | I65: 有 | J65: 9.23 | K65: http://www.che168.com/dealer/466721/51471681.html
A66: =VLOOKUP(K66,Sheet4!B:C,2,FALSE) -> 本田CR-V | C66: 5.98万 | E66: 0 | F66: 无 | H66: 广州市白云区鹤龙三路33号车华汇汽车主题商业中心智选好车 | I66: 有 | J66: 9.23 | K66: http://www.che168.com/dealer/316610/50948457.html
A67: =VLOOKUP(K67,Sheet4!B:C,2,FALSE) -> 本田CR-V | C67: 10.88万 | E67: 2 | F67: 无 | H67: 陕西省西安市长安区东长安街1200号 | I67: 有 | J67: 9.23 | K67: http://www.che168.com/dealer/466721/51613822.html
A68: =VLOOKUP(K68,Sheet4!B:C,2,FALSE) -> 本田CR-V | C68: 7.98万 | E68: 0 | F68: 无 | H68: 广东省东莞市寮步镇塘唇�D岭西街3号2号楼108室 | I68: 有 | J68: 9.23 | K68: http://www.che168.com/dealer/514162/49742916.html
A69: =VLOOKUP(K69,Sheet4!B:C,2,FALSE) -> 本田CR-V | C69: 7.98万 | E69: 1 | F69: 无 | H69: 辽宁省沈阳市铁西区北二中路7甲1（4门） | I69: 有 | J69: 9.23 | K69: http://www.che168.com/dealer/435066/51529117.html
A70: =VLOOKUP(K70,Sheet4!B:C,2,FALSE) -> 本田CR-V | C70: 9.58万 | E70: 2 | F70: 无 | H70: 陕西省西安市长安区东长安街1200号 | I70: 有 | J70: 9.23 | K70: http://www.che168.com/dealer/466721/50851382.html
A71: =VLOOKUP(K71,Sheet4!B:C,2,FALSE) -> 本田CR-V | C71: 9.18万 | E71: 2 | F71: 无 | H71: 武汉市�~口区长丰大道常码头888号爱之家二手车市场1 | I71: 有 | J71: 9.23 | K71: http://www.che168.com/dealer/490737/51650453.html
A72: =VLOOKUP(K72,Sheet4!B:C,2,FALSE) -> 本田CR-V | C72: 3.38万 | E72: 0 | F72: 无 | H72: 广州市白云区东平地铁A口旁 | I72: 有 | J72: 9.23 | K72: http://www.che168.com/dealer/373315/51126864.html
... A85: =VLOOKUP(K85,Sheet4!B:C,2,FALSE) -> 本田CR-V | C85: 5.98万 | E85: 3 | F85: 无 | H85: 海口市秀英区南海大道230号利星汽车城品优二手车行 | I85: 有 | J85: 9.23 | K85: http://www.che168.com/dealer/313899/49497211.html
A86: =VLOOKUP(K86,Sheet4!B:C,2,FALSE) -> 本田CR-V | C86: 7.80万 | E86: 此店铺点不开 | F86: 无 | H86: 无具体地址 | I86: 有 | J86: 9.23 | K86: http://www.che168.com/dealer/597471/51661777.html
A87: =VLOOKUP(K87,Sheet4!B:C,2,FALSE) -> 本田CR-V | C87: 9.99万 | E87: 3 | F87: 无 | H87: 上海市场中路1980号 | I87: 有 | J87: 9.23 | K87: http://www.che168.com/dealer/125821/51146104.html
A88: =VLOOKUP(K88,Sheet4!B:C,2,FALSE) -> 本田CR-V | C88: 16.78万 | E88: 1 | F88: 有 | H88: 郑州市花园北路天伦路东500米路北 | I88: 有 | J88: 9.23 | K88: http://www.che168.com/dealer/372297/51756259.html
A89: =VLOOKUP(K89,Sheet4!B:C,2,FALSE) -> 本田CR-V | C89: 10.30万 | E89: 1 | F89: 无 | H89: 黑龙江省哈尔滨高新技术产业开发区智谷二街5333号办公楼一层 | I89: 有 | J89: 9.23 | K89: http://www.che168.com/dealer/515366/51675098.html
A90: =VLOOKUP(K90,Sheet4!B:C,2,FALSE) -> 本田CR-V | C90: 7.78万 | E90: 1 | F90: 无 | H90: 吉林省长春市绿园区正阳街3928号 | I90: 有 | J90: 9.23 | K90: http://www.che168.com/dealer/412953/49622356.html
A91: =VLOOKUP(K91,Sheet4!B:C,2,FALSE) -> 本田CR-V | C91: 10.38万 | E91: 1 | F91: 无 | H91: 无具体地址 | I91: 有 | J91: 9.23 | K91: http://www.che168.com/dealer/597471/51602539.html
C92: 售价 | E92: 星级店铺 | F92: 有无售后服务 | H92: 店铺地理位置 | I92: 有无质检 | J92: 销量 | K92: url
A93: =VLOOKUP(K93,Sheet4!B:C,2,FALSE) -> 艾力绅 | C93: 16.28万 | E93: 2 | F93: 无 | H93: 陕西省西安市长安区东长安街1200号 | I93: 有 | J93: 9.15 | K93: http://www.che168.com/dealer/466721/51630143.html
A94: =VLOOKUP(K94,Sheet4!B:C,2,FALSE) -> 艾力绅 | C94: 14.18万 | E94: 2 | F94: 无 | H94: 陕西省西安市长安区东长安街1200号 | I94: 有 | J94: 9.15 | K94: http://www.che168.com/dealer/466721/51665557.html
A95: =VLOOKUP(K95,Sheet4!B:C,2,FALSE) -> 艾力绅 | C95: 11.66万 | E95: 2 | F95: 无 | H95: 合肥市吴山镇―杨庙路与车左路交叉口东南角 | I95: 有 | J95: 9.15 | K95: http://www.che168.com/dealer/478339/51550953.html
A96: =VLOOKUP(K96,Sheet4!B:C,2,FALSE) -> 艾力绅 | C96: 23.80万 | E96: 3 | F96: 有 | H96: 福建省泉州市鲤城区洋仕街36号泉州惠丰名车 | I96: 有 | J96: 9.15 | K96: http://www.che168.com/dealer/286456/50166118.html
A97: =VLOOKUP(K97,Sheet4!B:C,2,FALSE) -> 艾力绅 | C97: 13.60万 | E97: 1 | F97: 无 | H97: 哈尔滨市南岗区黄河路208号（会展中心院内）联盟二手车 | I97: 有 | J97: 9.15 | K97: http://www.che168.com/dealer/438521/51195424.html
A98: =VLOOKUP(K98,Sheet4!B:C,2,FALSE) -> 艾力绅 | C98: 25.50万 | E98: 3 | F98: 有 | H98: 安徽省合肥市包河区方兴大道与宿松路交口 裕和检测站内明鑫品质二手车广场 | I98: 有 | J98: 9.15 | K98: http://www.che168.com/dealer/113985/50861853.html
A99: =VLOOKUP(K99,Sheet4!B:C,2,FALSE) -> 艾力绅 | C99: 19.28万 | E99: 2 | F99: 无 | H99: 合肥市吴山镇―杨庙路与车左路交叉口东南角 | I99: 有 | J99: 9.15 | K99: http://www.che168.com/dealer/478339/51701849.html
A100: =VLOOKUP(K100,Sheet4!B:C,2,FALSE) -> 艾力绅 | C100: 12.07万 | E100: 2 | F100: 无 | H100: 合肥市吴山镇―杨庙路与车左路交叉口东南角 | I100: 有 | J100: 9.15 | K100: http://www.che168.com/dealer/478339/51554980.html
A101: =VLOOKUP(K101,Sheet4!B:C,2,FALSE) -> 艾力绅 | C101: 18.90万 | E101: 1 | F101: 无 | H101: 黑龙江省哈尔滨高新技术产业开发区智谷二街5333号办公楼一层 | I101: 有 | J101: 9.15 | K101: http://www.che168.com/dealer/515366/51563070.html
A102: =VLOOKUP(K102,Sheet4!B:C,2,FALSE) -> 艾力绅 | C102: 12.58万 | E102: 2 | F102: 无 | H102: 辽宁省大连市甘井子区华东路139号百斯德・绿天地 | I102: 有 | J102: 9.15 | K102: http://www.che168.com/dealer/351179/51580168.html
A103: =VLOOKUP(K103,Sheet4!B:C,2,FALSE) -> 艾力绅 | C103: 12.88万 | E103: 2 | F103: 无 | H103: 北京市昌平区北七家镇立汤路亚北名车港展厅一层A10 | I103: 有 | J103: 9.15 | K103: http://www.che168.com/dealer/354315/51620628.html
A104: =VLOOKUP(K104,Sheet4!B:C,2,FALSE) -> 艾力绅 | C104: 22.28万 | E104: 2 | F104: 有 | H104: 东莞市寮步镇富竹山富荣路联合二手车交易市场V26-V29，V38-V41顺祥二手车展场... | I104: 有 | J104: 9.15 | K104: http://www.che168.com/dealer/109698/51742216.html
... A106: =VLOOKUP(K106,Sheet4!B:C,2,FALSE) -> 艾力绅 | C106: 22.98万 | E106: 1 | F106: 有 | H106: 海口市龙华区南海大道168号保税区内汽车小镇1号楼 | I106: 有 | J106: 9.15 | K106: http://www.che168.com/dealer/524456/48948098.html
A107: =VLOOKUP(K107,Sheet4!B:C,2,FALSE) -> 艾力绅 | C107: 15.68万 | E107: 此店铺点不开 | F107: 无 | H107: 无具体地址 | I107: 无 | J107: 无热度 | K107: http://www.che168.com/dealer/612059/51728582.html
A108: =VLOOKUP(K108,Sheet4!B:C,2,FALSE) -> 艾力绅 | C108: 20.98万 | E108: 1 | F108: 无 | H108: 东莞市寮步镇富竹山富荣路联合二手车交易市场V26-V29，V38-V41顺祥二手车展场... | I108: 有 | J108: 9.15 | K108: http://www.che168.com/dealer/109698/51699590.html
A109: =VLOOKUP(K109,Sheet4!B:C,2,FALSE) -> 艾力绅 | C109: 19.38万 | E109: 2 | F109: 有 | H109: 佛山市禅城区佛山（国际）车城北区一座13号之一 | I109: 有 | J109: 9.15 | K109: http://www.che168.com/dealer/123936/49035530.html
A110: =VLOOKUP(K110,Sheet4!B:C,2,FALSE) -> 艾力绅 | C110: 19.70万 | E110: 3 | F110: 有 | H110: 佛山市南海区西樵镇爱国村杏头过境路以西锦源二手车市场A12-13号商铺 | I110: 有 | J110: 9.15 | K110: http://www.che168.com/dealer/414652/51668451.html
A111: =VLOOKUP(K111,Sheet4!B:C,2,FALSE) -> 艾力绅 | C111: 16.95万 | E111: 0 | F111: 无 | H111: 辽宁省大连市甘井子区华北路759号-2 | I111: 有 | J111: 9.15 | K111: http://www.che168.com/dealer/554323/51300421.html
A112: =VLOOKUP(K112,Sheet4!B:C,2,FALSE) -> 艾力绅 | C112: 13.80万 | E112: 1 | F112: 无 | H112: 海南省海口市秀英区金福路右拐秀富路100米鼎众好车 | I112: 有 | J112: 9.15 | K112: http://www.che168.com/dealer/456526/50590117.html
A113: =VLOOKUP(K113,Sheet4!B:C,2,FALSE) -> 艾力绅 | C113: 14.28万 | E113: 2 | F113: 无 | H113: 山东省济南市市中区经十西路5800号，济西二手车市场名车馆。 | I113: 有 | J113: 9.15 | K113: http://www.che168.com/dealer/76968/50994273.html
A114: =VLOOKUP(K114,Sheet4!B:C,2,FALSE) -> 艾力绅 | C114: 17.90万 | E114: 0 | F114: 无 | H114: 佛山市南海区桂城街道海八路公北社区村头村E6地块C01-B08 | I114: 有 | J114: 9.15 | K114: http://www.che168.com/dealer/609524/51229236.html
A115: =VLOOKUP(K115,Sheet4!B:C,2,FALSE) -> 艾力绅 | C115: 20.00万 | E115: 0 | F115: 无 | H115: 河南省郑州市惠济区迎宾路98号中迎名车汇9号馆 | I115: 有 | J115: 9.15 | K115: http://www.che168.com/dealer/476411/50341565.html
A116: =VLOOKUP(K116,Sheet4!B:C,2,FALSE) -> 艾力绅 | C116: 19.58万 | E116: 0 | F116: 无 | H116: 长春市经开区东南湖大路2999号 | I116: 有 | J116: 9.15 | K116: http://www.che168.com/dealer/430095/51568645.html
A117: =VLOOKUP(K117,Sheet4!B:C,2,FALSE) -> 艾力绅 | C117: 11.60万 | E117: 2 | F117: 无 | H117: 哈尔滨市道里区新榆路101号 | I117: 有 | J117: 9.15 | K117: http://www.che168.com/dealer/551960/51685417.html
A118: =VLOOKUP(K118,Sheet4!B:C,2,FALSE) -> 艾力绅 | C118: 21.88万 | E118: 1 | F118: 无 | H118: 广东省佛山市南海区 海八路华南汽车城仁孚奔驰旁边新一星车城荣伟车行 | I118: 有 | J118: 9.15 | K118: http://www.che168.com/dealer/527230/51207459.html
A119: =VLOOKUP(K119,Sheet4!B:C,2,FALSE) -> 艾力绅 | C119: 8.50万 | E119: 0 | F119: 有 | H119: 山东省济南市天桥区粟山路39号蓝翔二手车交易市场C区一楼132号 | I119: 有 | J119: 9.15 | K119: http://www.che168.com/dealer/481756/51718177.html
A120: =VLOOKUP(K120,Sheet4!B:C,2,FALSE) -> 艾力绅 | C120: 16.98万 | E120: 0 | F120: 无 | H120: 无具体地址 | I120: 无 | J120: 9.15 | K120: http://www.che168.com/dealer/84424/51753016.html
A121: =VLOOKUP(K121,Sheet4!B:C,2,FALSE) -> 艾力绅 | C121: 13.98万 | E121: 此店铺点不开 | F121: 无 | H121: 哈尔滨市香坊区新立村昌盛二手车经销有限公司 | I121: 有 | J121: 无热度 | K121: http://www.che168.com/dealer/360719/51448763.html
C122: 售价 | E122: 星级店铺 | F122: 有无售后服务 | H122: 店铺地理位置 | I122: 有无质检 | J122: 销量 | K122: url
A123: =VLOOKUP(K123,Sheet4!B:C,2,FALSE) -> 飞度 | C123: 3.78万 | E123: 2 | F123: 无 | H123: 陕西省西安市长安区东长安街1200号 | I123: 有 | J123: 9.14 | K123: http://www.che168.com/dealer/466721/51648200.html
A124: =VLOOKUP(K124,Sheet4!B:C,2,FALSE) -> 飞度 | C124: 3.58万 | E124: 2 | F124: 无 | H124: 陕西省西安市长安区东长安街1200号 | I124: 有 | J124: 9.14 | K124: http://www.che168.com/dealer/466721/51685286.html
A125: =VLOOKUP(K125,Sheet4!B:C,2,FALSE) -> 飞度 | C125: 4.17万 | E125: 2 | F125: 无 | H125: 合肥市吴山镇―杨庙路与车左路交叉口东南角 | I125: 有 | J125: 9.14 | K125: http://www.che168.com/dealer/478339/51667903.html
A126: =VLOOKUP(K126,Sheet4!B:C,2,FALSE) -> 飞度 | C126: 6.68万 | E126: 1 | F126: 有 | H126: 海南省海口市龙华区椰海大道林安国际商贸城市商业街1栋 | I126: 有 | J126: 9.14 | K126: http://www.che168.com/dealer/460507/51584843.html
A127: =VLOOKUP(K127,Sheet4!B:C,2,FALSE) -> 飞度 | C127: 6.19万 | E127: 2 | F127: 有 | H127: 陕西省西安市长安区东长安街1200号 | I127: 有 | J127: 9.14 | K127: http://www.che168.com/dealer/466721/51365588.html
A128: =VLOOKUP(K128,Sheet4!B:C,2,FALSE) -> 飞度 | C128: 4.78万 | E128: 2 | F128: 无 | H128: 陕西省西安市长安区东长安街1200号 | I128: 有 | J128: 9.14 | K128: http://www.che168.com/dealer/466721/51577979.html
A129: =VLOOKUP(K129,Sheet4!B:C,2,FALSE) -> 飞度 | C129: 6.28万 | E129: 2 | F129: 有 | H129: 合肥市吴山镇―杨庙路与车左路交叉口东南角 | I129: 有 | J129: 9.14 | K129: http://www.che168.com/dealer/478339/51637512.html
A130: =VLOOKUP(K130,Sheet4!B:C,2,FALSE) -> 飞度 | C130: 5.28万 | E130: 2 | F130: 无 | H130: 陕西省西安市长安区东长安街1200号 | I130: 有 | J130: 9.14 | K130: http://www.che168.com/dealer/466721/51667920.html
...

Sheet Sheet3
A2: 售价 | B2: 星级店铺 | C2: 有无售后服务 | D2: 店铺地理位置 | E2: 销量 | F2: 有无质检 | G2: url
A3: 29.90万 | B3: 1 | C3: 有 | D3: 徐州市高新技术开发区聚盛汽车城金欧名车 | E3: 9.31 | F3: 有 | G3: http://www.che168.com/dealer/599647/50172903.html
A4: 19.80万 | B4: 2 | C4: 无 | D4: 陕西省西安市雁塔区岳旗寨安置楼科技西路与富源五路十字东北角 | E4: 9.31 | F4: 有 | G4: http://www.che168.com/dealer/548452/49847307.html
A5: 24.38万 | B5: 2 | C5: 有 | D5: 陕西省西安市雁塔区岳旗寨安置楼科技西路与富源五路十字东北角 | E5: 9.31 | F5: 有 | G5: http://www.che168.com/dealer/548452/51592748.html
A6: 20.28万 | B6: 2 | C6: 无 | D6: 陕西省西安市长安区东长安街1200号 | E6: 9.31 | F6: 有 | G6: http://www.che168.com/dealer/466721/51428068.html
A7: 31.98万 | B7: 0 | C7: 有 | D7: 四川省成都市金牛区羊西线蜀西路89号 | E7: 9.31 | F7: 有 | G7: http://www.che168.com/dealer/80399/51339513.html
A8: 17.70万 | B8: 1 | C8: 无 | D8: 哈尔滨市南岗区黄河路208号（会展中心院内）联盟二手车 | E8: 9.31 | F8: 有 | G8: http://www.che168.com/dealer/438521/51459617.html
A9: 17.97万 | B9: 0 | C9: 无 | D9: 西安市西咸新区沣东新城征和四路西段 | E9: 9.31 | F9: 有 | G9: http://www.che168.com/dealer/241965/51176708.html
A10: 18.80万 | B10: 2 | C10: 无 | D10: 海口市南海大道230号利星国际汽车城1号馆诚成互生 | E10: 9.31 | F10: 有 | G10: http://www.che168.com/dealer/130337/51380098.html
A11: 21.98万 | B11: 3 | C11: 无 | D11: 成都市高新区火车南站西路1626号（锦宏名车广场） | E11: 9.31 | F11: 有 | G11: http://www.che168.com/dealer/280393/50938397.html
A12: 18.80万 | B12: 0 | C12: 无 | D12: 西安市西咸新区沣东新城征和四路西段 | E12: 9.31 | F12: 有 | G12: http://www.che168.com/dealer/241965/50982296.html
A13: 16.28万 | B13: 0 | C13: 无 | D13: 广东省东莞市寮步镇寮步富荣路19号102室 | E13: 9.31 | F13: 有 | G13: http://www.che168.com/dealer/381107/51647611.html
A14: 19.36万 | B14: 1 | C14: 无 | D14: 南宁市南站大道21号智和村八组三产综合楼一层 | E14: 9.31 | F14: 有 | G14: http://www.che168.com/dealer/525859/50820037.html
... A30: 22.88万 | B30: 2 | C30: 无 | D30: 陕西省西安市长安区东长安街1200号 | E30: 9.31 | F30: 有 | G30: http://www.che168.com/dealer/466721/51740558.html
A31: 售价 | B31: 星级店铺 | C31: 有无售后服务 | D31: 店铺地理位置 | E31: 销量 | F31: 有无质检 | G31: url
A32: 54.88万 | B32: 2 | C32: 有 | D32: 北京市丰台区南四环西路123号北京旧车市场（花乡二手车市场）西精品厅中盛名... | E32: 9.23 | F32: 有 | G32: http://www.che168.com/dealer/201407/51675837.html
A33: 34.90万 | B33: 3 | C33: 无 | D33: 西安市西三环石桥车城内中心厅 | E33: 9.23 | F33: 有 | G33: http://www.che168.com/dealer/162138/51435402.html
A34: 15.90万 | B34: 2 | C34: 无 | D34: 吉林省长春市南关区卫星路与健民街交汇东行150米 | E34: 9.23 | F34: 有 | G34: http://www.che168.com/dealer/162714/51548661.html
A35: 44.30万 | B35: 1 | C35: 无 | D35: 重庆市九龙坡区迎宾大道11号红星美凯龙B1层卡乃驰汽车 | E35: 9.23 | F35: 有 | G35: http://www.che168.com/dealer/338744/51042906.html
A36: 6.80万 | B36: 2 | C36: 无 | D36: 西安市未央区东二环向北延伸线北辰大道与欧亚大道十字东北角 | E36: 9.23 | F36: 有 | G36: http://www.che168.com/dealer/170479/51571827.html
A37: 43.80万 | B37: 2 | C37: 无 | D37: 佛山市南海区桂城街道海八路G11千里发名车汇 | E37: 无热度 | F37: 有 | G37: http://www.che168.com/dealer/371720/51330760.html
A38: 37.99万 | B38: 0 | C38: 无 | D38: 西安市西咸新区沣东新城征和四路西段 | E38: 无热度 | F38: 有 | G38: http://www.che168.com/dealer/241965/51667298.html
A39: 40.98万 | B39: 0 | C39: 有 | D39: 西安市西咸新区沣东新城征和四路西段 | E39: 9.23 | F39: 有 | G39: http://www.che168.com/dealer/241965/51706772.html
A40: 45.80万 | B40: 2 | C40: 有 | D40: 河南省郑州市郑东新区商都路与潭南街交汇处 | E40: 9.23 | F40: 有 | G40: http://www.che168.com/dealer/152372/51428178.html
A41: 45.20万 | B41: 2 | C41: 有 | D41: 重庆市渝北区汽博中心转盘上越名车 | E41: 9.23 | F41: 有 | G41: http://www.che168.com/dealer/555905/51567324.html
A42: 40.90万 | B42: 1 | C42: 无 | D42: 徐州市高新技术开发区聚盛汽车城金欧名车 | E42: 9.23 | F42: 有 | G42: http://www.che168.com/dealer/599647/51274498.html
A43: 11.28万 | B43: 2 | C43: 无 | D43: 陕西省西安市长安区东长安街1200号 | E43: 9.23 | F43: 有 | G43: http://www.che168.com/dealer/466721/51711106.html
... A57: 39.50万 | B57: 0 | C57: 无 | D57: 西安市西咸新区沣东新城征和四路西段 | E57: 9.23 | F57: 有 | G57: http://www.che168.com/dealer/241965/51751348.html
A58: 售价 | B58: 星级店铺 | C58: 有无售后服务 | D58: 店铺地理位置 | E58: 销量 | F58: 有无质检 | G58: url
A59: 5.88万 | B59: 2 | C59: 无 | D59: 陕西省西安市长安区东长安街1200号 | E59: 9.3 | F59: 有 | G59: http://www.che168.com/dealer/466721/51691308.html
A60: 12.18万 | B60: 1 | C60: 有 | D60: 江西省南昌市南昌县迎宾中大道838号 | E60: 9.3 | F60: 有 | G60: http://www.che168.com/dealer/376288/50677735.html
A61: 14.58万 | B61: 3 | C61: 有 | D61: 成都市高新区火车南站西路1626号（锦宏名车广场） | E61: 9.3 | F61: 有 | G61: http://www.che168.com/dealer/280393/50286791.html
A62: 5.69万 | B62: 2 | C62: 无 | D62: 陕西省西安市长安区东长安街1200号 | E62: 9.3 | F62: 有 | G62: http://www.che168.com/dealer/466721/51638623.html
A63: 13.65万 | B63: 2 | C63: 有 | D63: 陕西省西安市长安区东长安街1200号 | E63: 9.3 | F63: 有 | G63: http://www.che168.com/dealer/466721/51462615.html
A64: 5.18万 | B64: 2 | C64: 无 | D64: 陕西省西安市长安区东长安街1200号 | E64: 9.3 | F64: 有 | G64: http://www.che168.com/dealer/466721/51710726.html
A65: 31.90万 | B65: 1 | C65: 无 | D65: 辽宁省沈阳市铁西区北二西路顶尚车城二楼 | E65: 9.23 | F65: 有 | G65: http://www.che168.com/dealer/530873/51377040.html
A66: 12.80万 | B66: 3 | C66: 有 | D66: 福建省泉州市鲤城区洋仕街36号泉州惠丰名车 | E66: 9.3 | F66: 有 | G66: http://www.che168.com/dealer/286456/51377942.html
A67: 13.80万 | B67: 2 | C67: 有 | D67: 山东省青岛市市南区燕儿岛路3号青岛东豪名车广场 | E67: 9.3 | F67: 有 | G67: http://www.che168.com/dealer/354927/51727774.html
A68: 7.80万 | B68: 2 | C68: 无 | D68: 无锡市新吴区金城东路五洲车城2号馆1层 | E68: 9.3 | F68: 有 | G68: http://www.che168.com/dealer/400899/51645675.html
A69: 9.98万 | B69: 0 | C69: 无 | D69: 市北区萍乡路55号陆海汽车交易市场一号展厅宏利达车行 | E69: 无热度 | F69: 有 | G69: http://www.che168.com/dealer/150832/51276607.html
A70: 12.38万 | B70: 1 | C70: 有 | D70: 辽宁省沈阳市铁西区北二中路7甲1（4门） | E70: 9.3 | F70: 有 | G70: http://www.che168.com/dealer/435066/51441487.html
... A87: 8.30万 | B87: 0 | C87: 无 | D87: 成都市锦江区皇经楼路299号（南三环二段琉璃立交外侧） | E87: 9.3 | F87: 有 | G87: http://www.che168.com/dealer/84424/51629927.html
A88: 售价 | B88: 星级店铺 | C88: 有无售后服务 | D88: 店铺地理位置 | E88: 销量 | F88: 有无质检 | G88: url
A89: 27.80万 | B89: 2 | C89: 有 | D89: 武汉市汉阳区龙阳大道欧亚达负一楼安心名车 | E89: 9.18 | F89: 有 | G89: http://www.che168.com/dealer/520837/51190183.html
A90: 16.47万 | B90: 0 | C90: 无 | D90: 四川省成都市金牛区羊西线蜀西路89号 | E90: 9.18 | F90: 有 | G90: http://www.che168.com/dealer/80399/51615801.html
A91: 17.50万 | B91: 1 | C91: 无 | D91: 无锡市滨湖区胡埭镇钱胡路1238号（永昌汽车城） | E91: 9.18 | F91: 有 | G91: http://www.che168.com/dealer/189358/51723241.html
A92: 8.75万 | B92: 2 | C92: 无 | D92: 合肥市吴山镇―杨庙路与车左路交叉口东南角 | E92: 9.3 | F92: 有 | G92: http://www.che168.com/dealer/478339/51694878.html
A93: 17.88万 | B93: 0 | C93: 无 | D93: 成都市锦江区皇经楼路299号（南三环二段琉璃立交外侧） | E93: 9.18 | F93: 有 | G93: http://www.che168.com/dealer/84424/50753024.html
A94: 8.80万 | B94: 1 | C94: 无 | D94: 黑龙江省哈尔滨高新技术产业开发区智谷二街5333号办公楼一层 | E94: 9.3 | F94: 有 | G94: http://www.che168.com/dealer/515366/51745614.html
A95: 16.88万 | B95: 0 | C95: 无 | D95: 上海闵行区颛兴东路1280弄3号（都会路口） | E95: 9.18 | F95: 有 | G95: http://www.che168.com/dealer/125858/51461347.html
A96: 20.80万 | B96: 2 | C96: 无 | D96: 陕西省西安市雁塔区岳旗寨安置楼科技西路与富源五路十字东北角 | E96: 9.18 | F96: 有 | G96: http://www.che168.com/dealer/548452/49844076.html
A97: 28.60万 | B97: 2 | C97: 有 | D97: 西安市高新区锦业二路七十三号 | E97: 9.18 | F97: 有 | G97: http://www.che168.com/dealer/69550/50695562.html
A98: 23.98万 | B98: 3 | C98: 有 | D98: 武进区湖塘镇永胜中路8号东华双创广场1楼 | E98: 9.18 | F98: 有 | G98: http://www.che168.com/dealer/315631/51368901.html
A99: 15.50万 | B99: 0 | C99: 无 | D99: 辽宁省沈阳市于洪区昆山西路亨通二手车市场 | E99: 9.18 | F99: 有 | G99: http://www.che168.com/dealer/614835/51650520.html
A100: 21.98万 | B100: 1 | C100: 无 | D100: 成都市天府新区麓山大道二段（成自泸高速万安出口处） | E100: 9.18 | F100: 有 | G100: http://www.che168.com/dealer/217181/50864720.html
... A116: 37.98万 | B116: 0 | C116: 无 | D116: 辽宁省沈阳市于洪区广业西路129号A座1层006-020 | E116: 9.18 | F116: 有 | G116: http://www.che168.com/dealer/601646/51286022.html
A117: 售价 | B117: 星级店铺 | C117: 有无售后服务 | D117: 店铺地理位置 | E117: 销量 | F117: 有无质检 | G117: url
A118: 49.98万 | B118: 1 | C118: 有 | D118: 常州市天宁区清柏路2号 | E118: 9.15 | F118: 有 | G118: http://www.che168.com/dealer/378368/51212526.html
A119: 35.00万 | B119: 1 | C119: 无 | D119: 徐州市高新技术开发区聚盛汽车城金欧名车 | E119: 9.15 | F119: 有 | G119: http://www.che168.com/dealer/599647/51459065.html
A120: 35.78万 | B120: 3 | C120: 无 | D120: 广州市天河区黄埔大道西668号赛马场汽车城北区22号 | E120: 9.15 | F120: 有 | G120: http://www.che168.com/dealer/64373/51596480.html
A121: 34.68万 | B121: 3 | C121: 无 | D121: 福建省泉州市晋江市陈埭镇花厅口村阳光东路1168号 | E121: 9.15 | F121: 有 | G121: http://www.che168.com/dealer/347357/51461924.html
A122: 39.99万 | B122: 0 | C122: 有 | D122: 西安市西咸新区沣东新城征和四路西段 | E122: 9.15 | F122: 有 | G122: http://www.che168.com/dealer/241965/51464259.html
A123: 35.90万 | B123: 0 | C123: 无 | D123: 西安市西咸新区沣东新城征和四路西段 | E123: 9.15 | F123: 有 | G123: http://www.che168.com/dealer/241965/51554348.html
A124: 16.88万 | B124: 0 | C124: 无 | D124: 江苏省苏州市吴中区尹中路299号瑞尚汽车交易市场3楼天诚名车 | E124: 9.18 | F124: 有 | G124: http://www.che168.com/dealer/615573/51732934.html
A125: 17.98万 | B125: 0 | C125: 无 | D125: 长春市汽车产业开发区长沈路3966号 | E125: 9.18 | F125: 有 | G125: http://www.che168.com/dealer/63072/51530774.html
A126: 33.90万 | B126: 0 | C126: 无 | D126: 西安市西咸新区沣东新城征和四路西段 | E126: 9.15 | F126: 有 | G126: http://www.che168.com/dealer/241965/51690952.html
A127: 41.80万 | B127: 2 | C127: 无 | D127: 沈阳站西广场负一层嘉德汽车大奥莱 车博汇 | E127: 9.15 | F127: 有 | G127: http://www.che168.com/dealer/429934/50506444.html
A128: 37.30万 | B128: 2 | C128: 无 | D128: 沈阳站西广场负一层嘉德汽车大奥莱 车博汇 | E128: 9.15 | F128: 有 | G128: http://www.che168.com/dealer/429934/51230642.html
A129: 28.58万 | B129: 1 | C129: 有 | D129: 北京市顺义区杜杨北街21号（机场东路与杜杨北街交汇处） | E129: 9.18 | F129: 有 | G129: http://www.che168.com/dealer/198369/51201836.html
... A139: 39.80万 | B139: 1 | C139: 有 | D139: 武汉市�~口区长丰大道158号美驰名车广场 | E139: 无热度 | F139: 有 | G139: http://www.che168.com/dealer/523839/51481109.html
A140: 售价 | B140: 星级店铺 | C140: 有无售后服务 | D140: 店铺地理位置 | E140: 销量 | F140: 有无质检 | G140: url
A141: 15.98万 | B141: 1 | C141: 有 | D141: 哈尔滨市南岗区黄河路208号（会展中心院内）联盟二手车 | E141: 9.18 | F141: 有 | G141: http://www.che168.com/dealer/438521/50494268.html
A142: 8.98万 | B142: 2 | C142: 无 | D142: 合肥市吴山镇―杨庙路与车左路交叉口东南角 | E142: 9.18 | F142: 有 | G142: http://www.che168.com/dealer/478339/51710151.html
A143: 11.66万 | B143: 1 | C143: 无 | D143: 海南省海口市龙华区椰海大道林安国际商贸城市商业街1栋 | E143: 9.18 | F143: 有 | G143: http://www.che168.com/dealer/460507/51725421.html
A144: 46.80万 | B144: 2 | C144: 有 | D144: 武汉市�~口区古田二路（三环线交界）蓝焰国际汽车城 | E144: 9.15 | F144: 有 | G144: http://www.che168.com/dealer/345251/51592713.html
A145: 16.50万 | B145: 2 | C145: 有 | D145: 无锡市新吴区金城东路五洲车城2号馆1层 | E145: 9.18 | F145: 有 | G145: http://www.che168.com/dealer/400899/51728202.html
A146: 13.98万 | B146: 2 | C146: 无 | D146: 陕西省西安市长安区东长安街1200号 | E146: 9.18 | F146: 有 | G146: http://www.che168.com/dealer/466721/51490720.html
A147: 6.98万 | B147: 0 | C147: 无 | D147: 中国（上海）自由贸易试验区康桥东路388号4幢3层313室 | E147: 9.18 | F147: 有 | G147: http://www.che168.com/dealer/531017/50055754.html
A148: 9.18万 | B148: 2 | C148: 无 | D148: 合肥市吴山镇―杨庙路与车左路交叉口东南角 | E148: 9.18 | F148: 有 | G148: http://www.che168.com/dealer/478339/51587114.html
A149: 11.78万 | B149: 0 | C149: 无 | D149: 北京市大兴区西红门鸿坤广场地下四层 | E149: 9.18 | F149: 有 | G149: http://www.che168.com/dealer/557321/51708978.html
A150: 13.99万 | B150: 0 | C150: 无 | D150: 西安市西咸新区沣东新城征和四路西段 | E150: 9.18 | F150: 有 | G150: http://www.che168.com/dealer/241965/51667386.html
A151: 15.90万 | B151: 0 | C151: 有 | D151: 西安市西咸新区沣东新城征和四路西段 | E151: 9.18 | F151: 有 | G151: http://www.che168.com/dealer/241965/51522624.html
A152: 10.80万 | B152: 0 | C152: 无 | D152: 成都市双流区黄河南路南城锦尚 | E152: 9.15 | F152: 有 | G152: http://www.che168.com/dealer/332660/51061400.html
... A168: 9.90万 | B168: 1 | C168: 无 | D168: 郑州市惠济区天河路英才街交叉口迈卡名车茂B馆1楼 | E168: 9.18 | F168: 有 | G168: http://www.che168.com/dealer/258082/51724042.html
A169: 售价 | B169: 星级店铺 | C169: 有无售后服务 | D169: 店铺地理位置 | E169: 销量 | F169: 有无质检 | G169: url
A170: 7.60万 | B170: 1 | C170: 无 | D170: 黑龙江省哈尔滨高新技术产业开发区智谷二街5333号办公楼一层 | E170: 9.14 | F170: 有 | G170: http://www.che168.com/dealer/515366/51487323.html
A171: 9.78万 | B171: 2 | C171: 无 | D171: 陕西省西安市长安区东长安街1200号 | E171: 9.14 | F171: 有 | G171: http://www.che168.com/dealer/466721/51658002.html
A172: 11.09万 | B172: 1 | C172: 无 | D172: 沈阳市铁西区北二中路6号 星摩尔购物中心G105 | E172: 9.18 | F172: 有 | G172: http://www.che168.com/dealer/349857/50395137.html
A173: 12.90万 | B173: 3 | C173: 无 | D173: 广州市荔湾区龙溪中路155号之七101铺 | E173: 9.18 | F173: 有 | G173: http://www.che168.com/dealer/74014/51735359.html
A174: 12.25万 | B174: 1 | C174: 无 | D174: 黑龙江省哈尔滨高新技术产业开发区智谷二街5333号办公楼一层 | E174: 9.14 | F174: 有 | G174: http://www.che168.com/dealer/515366/51638581.html
A175: 7.20万 | B175: 1 | C175: 无 | D175: 吉林省长春市绿园区正阳街3928号 | E175: 9.14 | F175: 有 | G175: http://www.che168.com/dealer/412953/51564294.html
A176: 8.88万 | B176: 1 | C176: 无 | D176: 广州市白云区机场路1028号八层综合楼首层103房 | E176: 9.14 | F176: 有 | G176: http://www.che168.com/dealer/474166/51386114.html
A177: 11.97万 | B177: 1 | C177: 无 | D177: 重庆巴南区渝南大道40号 | E177: 9.14 | F177: 有 | G177: http://www.che168.com/dealer/299887/51341491.html
A178: 14.88万 | B178: 0 | C178: 无 | D178: 河北省石家庄市新华区西三庄街24号西三庄二手车市场C5-19号 | E178: 9.14 | F178: 有 | G178: http://www.che168.com/dealer/478107/51698839.html
A179: 11.88万 | B179: 0 | C179: 无 | D179: 辽宁省大连市甘井子区后盐车市西6号门奔之腾国际名车汇 | E179: 9.14 | F179: 有 | G179: http://www.che168.com/dealer/224091/51531333.html
A180: 11.18万 | B180: 0 | C180: 无 | D180: 长沙市雨花区韶山南路637号长沙四星客车厂内 | E180: 9.14 | F180: 有 | G180: http://www.che168.com/dealer/356119/51301999.html
A181: 12.96万 | B181: 0 | C181: 无 | D181: 西安市西咸新区沣东新城征和四路西段 | E181: 9.14 | F181: 有 | G181: http://www.che168.com/dealer/241965/51019416.html
... A198: 8.88万 | B198: 2 | C198: 无 | D198: 合肥市吴山镇―杨庙路与车左路交叉口东南角 | E198: 9.18 | F198: 有 | G198: http://www.che168.com/dealer/478339/51676302.html
A199: 售价 | B199: 星级店铺 | C199: 有无售后服务 | D199: 店铺地理位置 | E199: 销量 | F199: 有无质检 | G199: url
A200: 2.98万 | B200: 2 | C200: 无 | D200: 佛山市南海区体育西路2号宝盈国际广场F1 | E200: 9.05 | F200: 有 | G200: http://www.che168.com/dealer/406861/51567796.html
...

Sheet Sheet4
B1: 标题链接 | C1: 标题
B2: http://www.che168.com/dealer/522686/50975959.html | C2: 思域
B3: http://www.che168.com/dealer/360661/50234187.html | C3: 思域
B4: http://www.che168.com/dealer/366664/51663344.html | C4: 思域
B5: http://www.che168.com/dealer/349857/51456651.html | C5: 思域
B6: http://www.che168.com/dealer/355413/51620390.html | C6: 思域
B7: http://www.che168.com/dealer/302732/51427339.html | C7: 思域
B8: http://www.che168.com/dealer/347357/51728885.html | C8: 思域
B9: http://www.che168.com/dealer/517025/51698768.html | C9: 思域
B10: http://www.che168.com/dealer/606334/51742318.html | C10: 思域
B11: http://www.che168.com/dealer/343793/50907119.html | C11: 思域
B12: http://www.che168.com/dealer/406545/51645855.html | C12: 思域
... B3016: http://www.che168.com/dealer/186578/51570247.html | C3016: 赛那SIENNA
